<?xml version="1.0" encoding="utf-8"?>
<slides name="Normal-{5C4DB9EA-8975-4968-9E93-9C7CEE286E40}" width="1920" height="1440">
  <slide type="title" bgImage="Normal-{5C4DB9EA-8975-4968-9E93-9C7CEE286E40}_title.PNG">
    <titleArea>
      <bounds area="144 447 1776 755"/>
      <font name="Calibri" size="117" bold="0" ital="0" shadow="0" color="000000" hAlign="center" vAlign="bottom" orient="horizontal"/>
    </titleArea>
    <subTitleArea>
      <bounds area="288 816 1632 1184"/>
      <font name="Calibri" size="85" bold="0" ital="0" shadow="0" color="898989" hAlign="center" vAlign="bottom" orient="horizontal"/>
    </subTitleArea>
  </slide>
  <slide type="imageOnly" bgImage="Normal-{5C4DB9EA-8975-4968-9E93-9C7CEE286E40}_image.PNG">
    <imageArea>
      <bounds area="96 57 1824 1285"/>
    </imageArea>
  </slide>
  <slide type="image+title" bgImage="Normal-{5C4DB9EA-8975-4968-9E93-9C7CEE286E40}_image.PNG">
    <titleArea>
      <bounds area="96 57 1824 297"/>
      <font name="Calibri" size="117" bold="0" ital="0" shadow="0" color="000000" hAlign="center" vAlign="bottom" orient="horizontal"/>
    </titleArea>
    <imageArea>
      <bounds area="96 336 1824 1286"/>
    </imageArea>
  </slide>
</slides>
